{
  "通过UserId更新用户信息" : {
    "transaction" : "通过UserId更新用户信息",
    "sampleCount" : 90,
    "errorCount" : 7,
    "errorPct" : 7.7777777,
    "meanResTime" : 25.388888888888886,
    "medianResTime" : 26.0,
    "minResTime" : 9.0,
    "maxResTime" : 32.0,
    "pct1ResTime" : 28.0,
    "pct2ResTime" : 28.450000000000003,
    "pct3ResTime" : 32.0,
    "throughput" : 1.7922574478253943,
    "receivedKBytesPerSec" : 0.606695481768759,
    "sentKBytesPerSec" : 1.1527155811892624
  },
  "通过userId查询用户信息" : {
    "transaction" : "通过userId查询用户信息",
    "sampleCount" : 93,
    "errorCount" : 0,
    "errorPct" : 0.0,
    "meanResTime" : 25.24731182795699,
    "medianResTime" : 25.0,
    "minResTime" : 11.0,
    "maxResTime" : 37.0,
    "pct1ResTime" : 28.60000000000001,
    "pct2ResTime" : 30.299999999999997,
    "pct3ResTime" : 37.0,
    "throughput" : 1.6714593817397556,
    "receivedKBytesPerSec" : 1.199588734498562,
    "sentKBytesPerSec" : 0.8435751875898634
  },
  "用户信息操作" : {
    "transaction" : "用户信息操作",
    "sampleCount" : 90,
    "errorCount" : 7,
    "errorPct" : 7.7777777,
    "meanResTime" : 129.8555555555555,
    "medianResTime" : 132.0,
    "minResTime" : 93.0,
    "maxResTime" : 149.0,
    "pct1ResTime" : 137.0,
    "pct2ResTime" : 138.9,
    "pct3ResTime" : 149.0,
    "throughput" : 1.788162365142755,
    "receivedKBytesPerSec" : 9.225062896127634,
    "sentKBytesPerSec" : 5.679084150424192
  },
  "登录" : {
    "transaction" : "登录",
    "sampleCount" : 100,
    "errorCount" : 0,
    "errorPct" : 0.0,
    "meanResTime" : 33.38999999999999,
    "medianResTime" : 33.0,
    "minResTime" : 18.0,
    "maxResTime" : 71.0,
    "pct1ResTime" : 36.0,
    "pct2ResTime" : 39.89999999999998,
    "pct3ResTime" : 70.94999999999997,
    "throughput" : 1.7703501752646673,
    "receivedKBytesPerSec" : 0.6984584675848883,
    "sentKBytesPerSec" : 0.7537819105619091
  },
  "通过userId删除用户信息" : {
    "transaction" : "通过userId删除用户信息",
    "sampleCount" : 90,
    "errorCount" : 7,
    "errorPct" : 7.7777777,
    "meanResTime" : 25.71111111111111,
    "medianResTime" : 26.0,
    "minResTime" : 16.0,
    "maxResTime" : 29.0,
    "pct1ResTime" : 28.900000000000006,
    "pct2ResTime" : 29.0,
    "pct3ResTime" : 29.0,
    "throughput" : 1.7919006092462073,
    "receivedKBytesPerSec" : 0.6065746886572692,
    "sentKBytesPerSec" : 0.9428477033807192
  },
  "Total" : {
    "transaction" : "Total",
    "sampleCount" : 573,
    "errorCount" : 14,
    "errorPct" : 2.443281,
    "meanResTime" : 27.305410122164048,
    "medianResTime" : 27.0,
    "minResTime" : 9.0,
    "maxResTime" : 71.0,
    "pct1ResTime" : 33.0,
    "pct2ResTime" : 35.0,
    "pct3ResTime" : 41.039999999999964,
    "throughput" : 9.743572303088015,
    "receivedKBytesPerSec" : 9.21963808601721,
    "sentKBytesPerSec" : 5.8656354418191405
  },
  "查询所有用户信息" : {
    "transaction" : "查询所有用户信息",
    "sampleCount" : 100,
    "errorCount" : 0,
    "errorPct" : 0.0,
    "meanResTime" : 26.51000000000001,
    "medianResTime" : 27.0,
    "minResTime" : 11.0,
    "maxResTime" : 44.0,
    "pct1ResTime" : 30.0,
    "pct2ResTime" : 31.94999999999999,
    "pct3ResTime" : 43.889999999999944,
    "throughput" : 1.7730810829979256,
    "receivedKBytesPerSec" : 5.761820909945212,
    "sentKBytesPerSec" : 0.8900035904891931
  },
  "创建用户信息" : {
    "transaction" : "创建用户信息",
    "sampleCount" : 100,
    "errorCount" : 0,
    "errorPct" : 0.0,
    "meanResTime" : 27.08999999999999,
    "medianResTime" : 27.5,
    "minResTime" : 13.0,
    "maxResTime" : 39.0,
    "pct1ResTime" : 31.0,
    "pct2ResTime" : 32.94999999999999,
    "pct3ResTime" : 38.989999999999995,
    "throughput" : 1.7727039052667033,
    "receivedKBytesPerSec" : 0.8880831087908386,
    "sentKBytesPerSec" : 1.7726346590204038
  }
}